Image1,Image2,Label
OLI_4.jpg,OLI_7.jpg,1
OLI_2.jpg,OLI_9.jpg,1
OLI_5.jpg,OLI_6.jpg,1
OLI_8.jpg,OLI_9.jpg,1
OLI_5.jpg,OLI_9.jpg,1
OLI_2.jpg,OLI_3.jpg,1
OLI_8.jpg,OLI_10.jpg,1
OLI_0.jpg,OLI_10.jpg,1
OLI_6.jpg,OLI_7.jpg,1
OLI_3.jpg,OLI_5.jpg,1
OLI_1.jpg,OLI_3.jpg,1
OLI_5.jpg,OLI_7.jpg,1
OLI_2.jpg,OLI_7.jpg,1
OLI_4.jpg,OLI_5.jpg,1
OLI_5.jpg,OLI_10.jpg,1
OLI_0.jpg,OLI_9.jpg,1
OLI_1.jpg,OLI_7.jpg,1
OLI_3.jpg,OLI_9.jpg,1
OLI_6.jpg,OLI_8.jpg,1
OLI_4.jpg,OLI_10.jpg,1
OLI_4.jpg,OLI_6.jpg,1
OLI_1.jpg,OLI_8.jpg,1
OLI_1.jpg,OLI_10.jpg,1
OLI_1.jpg,OLI_4.jpg,1
OLI_4.jpg,OLI_9.jpg,1
OLI_3.jpg,OLI_7.jpg,1
OLI_0.jpg,OLI_3.jpg,1
OLI_2.jpg,OLI_10.jpg,1
OLI_0.jpg,OLI_7.jpg,1
OLI_2.jpg,OLI_4.jpg,1
OLI_2.jpg,OLI_6.jpg,1
OLI_1.jpg,OLI_5.jpg,1
OLI_4.jpg,OLI_8.jpg,1
OLI_0.jpg,OLI_6.jpg,1
OLI_0.jpg,OLI_8.jpg,1
OLI_7.jpg,OLI_10.jpg,1
OLI_2.jpg,OLI_8.jpg,1
OLI_3.jpg,OLI_10.jpg,1
OLI_0.jpg,OLI_1.jpg,1
OLI_9.jpg,OLI_10.jpg,1
OLI_6.jpg,OLI_10.jpg,1
OLI_7.jpg,OLI_9.jpg,1
OLI_3.jpg,OLI_8.jpg,1
OLI_6.jpg,OLI_9.jpg,1
OLI_0.jpg,OLI_5.jpg,1
OLI_3.jpg,OLI_4.jpg,1
OLI_3.jpg,OLI_6.jpg,1
OLI_0.jpg,OLI_2.jpg,1
OLI_7.jpg,OLI_8.jpg,1
OLI_1.jpg,OLI_9.jpg,1
OLIVINE_9.jpg,OLIVINE_44.jpg,1
OLIVINE_1.jpg,OLIVINE_23.jpg,1
OLIVINE_23.jpg,OLIVINE_43.jpg,1
OLIVINE_18.jpg,OLIVINE_38.jpg,1
OLIVINE_12.jpg,OLIVINE_44.jpg,1
OLIVINE_40.jpg,OLIVINE_42.jpg,1
OLIVINE_24.jpg,OLIVINE_47.jpg,1
OLIVINE_11.jpg,OLIVINE_34.jpg,1
OLIVINE_36.jpg,OLIVINE_44.jpg,1
OLIVINE_12.jpg,OLIVINE_16.jpg,1
OLIVINE_20.jpg,OLIVINE_42.jpg,1
OLIVINE_3.jpg,OLIVINE_40.jpg,1
OLIVINE_10.jpg,OLIVINE_44.jpg,1
OLIVINE_32.jpg,OLIVINE_38.jpg,1
OLIVINE_24.jpg,OLIVINE_25.jpg,1
OLIVINE_2.jpg,OLIVINE_48.jpg,1
OLIVINE_0.jpg,OLIVINE_10.jpg,1
OLIVINE_15.jpg,OLIVINE_35.jpg,1
OLIVINE_13.jpg,OLIVINE_45.jpg,1
OLIVINE_13.jpg,OLIVINE_16.jpg,1
OLIVINE_8.jpg,OLIVINE_19.jpg,1
OLIVINE_3.jpg,OLIVINE_14.jpg,1
OLIVINE_28.jpg,OLIVINE_46.jpg,1
OLIVINE_6.jpg,OLIVINE_43.jpg,1
OLIVINE_16.jpg,OLIVINE_29.jpg,1
OLIVINE_14.jpg,OLIVINE_45.jpg,1
OLIVINE_2.jpg,OLIVINE_22.jpg,1
OLIVINE_16.jpg,OLIVINE_24.jpg,1
OLIVINE_34.jpg,OLIVINE_36.jpg,1
OLIVINE_7.jpg,OLIVINE_38.jpg,1
OLIVINE_11.jpg,OLIVINE_30.jpg,1
OLIVINE_4.jpg,OLIVINE_12.jpg,1
OLIVINE_21.jpg,OLIVINE_22.jpg,1
OLIVINE_19.jpg,OLIVINE_37.jpg,1
OLIVINE_10.jpg,OLIVINE_12.jpg,1
OLIVINE_3.jpg,OLIVINE_41.jpg,1
OLIVINE_23.jpg,OLIVINE_34.jpg,1
OLIVINE_9.jpg,OLIVINE_18.jpg,1
OLIVINE_1.jpg,OLIVINE_31.jpg,1
OLIVINE_26.jpg,OLIVINE_30.jpg,1
OLIVINE_5.jpg,OLIVINE_28.jpg,1
OLIVINE_18.jpg,OLIVINE_44.jpg,1
OLIVINE_13.jpg,OLIVINE_18.jpg,1
OLIVINE_18.jpg,OLIVINE_42.jpg,1
OLIVINE_3.jpg,OLIVINE_6.jpg,1
OLIVINE_35.jpg,OLIVINE_45.jpg,1
OLIVINE_16.jpg,OLIVINE_47.jpg,1
OLIVINE_1.jpg,OLIVINE_16.jpg,1
OLIVINE_8.jpg,OLIVINE_13.jpg,1
OLIVINE_4.jpg,OLIVINE_33.jpg,1
OLIVINE_15.jpg,OLIVINE_17.jpg,1
OLIVINE_17.jpg,OLIVINE_46.jpg,1
OLIVINE_6.jpg,OLIVINE_12.jpg,1
OLIVINE_0.jpg,OLIVINE_8.jpg,1
OLIVINE_0.jpg,OLIVINE_9.jpg,1
OLIVINE_19.jpg,OLIVINE_23.jpg,1
OLIVINE_11.jpg,OLIVINE_21.jpg,1
OLIVINE_21.jpg,OLIVINE_35.jpg,1
OLIVINE_21.jpg,OLIVINE_29.jpg,1
OLIVINE_22.jpg,OLIVINE_24.jpg,1
OLIVINE_13.jpg,OLIVINE_22.jpg,1
OLIVINE_44.jpg,OLIVINE_48.jpg,1
OLIVINE_27.jpg,OLIVINE_44.jpg,1
OLIVINE_3.jpg,OLIVINE_16.jpg,1
OLIVINE_23.jpg,OLIVINE_24.jpg,1
OLIVINE_18.jpg,OLIVINE_23.jpg,1
OLIVINE_36.jpg,OLIVINE_37.jpg,1
OLIVINE_23.jpg,OLIVINE_33.jpg,1
OLIVINE_4.jpg,OLIVINE_16.jpg,1
OLIVINE_17.jpg,OLIVINE_18.jpg,1
OLIVINE_7.jpg,OLIVINE_43.jpg,1
OLIVINE_4.jpg,OLIVINE_9.jpg,1
OLIVINE_34.jpg,OLIVINE_45.jpg,1
OLIVINE_41.jpg,OLIVINE_45.jpg,1
OLIVINE_4.jpg,OLIVINE_46.jpg,1
OLIVINE_29.jpg,OLIVINE_37.jpg,1
OLIVINE_16.jpg,OLIVINE_23.jpg,1
OLIVINE_6.jpg,OLIVINE_37.jpg,1
OLIVINE_36.jpg,OLIVINE_47.jpg,1
OLIVINE_34.jpg,OLIVINE_46.jpg,1
OLIVINE_5.jpg,OLIVINE_24.jpg,1
OLIVINE_7.jpg,OLIVINE_17.jpg,1
OLIVINE_24.jpg,OLIVINE_45.jpg,1
OLIVINE_30.jpg,OLIVINE_47.jpg,1
OLIVINE_11.jpg,OLIVINE_29.jpg,1
OLIVINE_0.jpg,OLIVINE_23.jpg,1
OLIVINE_26.jpg,OLIVINE_28.jpg,1
OLIVINE_6.jpg,OLIVINE_29.jpg,1
OLIVINE_19.jpg,OLIVINE_30.jpg,1
OLIVINE_38.jpg,OLIVINE_41.jpg,1
OLIVINE_23.jpg,OLIVINE_39.jpg,1
OLIVINE_3.jpg,OLIVINE_38.jpg,1
OLIVINE_11.jpg,OLIVINE_33.jpg,1
OLIVINE_24.jpg,OLIVINE_43.jpg,1
OLIVINE_1.jpg,OLIVINE_8.jpg,1
OLIVINE_26.jpg,OLIVINE_40.jpg,1
OLIVINE_4.jpg,OLIVINE_30.jpg,1
OLIVINE_11.jpg,OLIVINE_44.jpg,1
OLIVINE_28.jpg,OLIVINE_30.jpg,1
OLIVINE_9.jpg,OLIVINE_30.jpg,1
OLI_7.jpg,OLIVINE_7.jpg,0
OLI_5.jpg,OLIVINE_48.jpg,0
OLI_7.jpg,OLIVINE_30.jpg,0
OLI_7.jpg,OLIVINE_5.jpg,0
OLI_5.jpg,OLIVINE_24.jpg,0
OLI_7.jpg,OLIVINE_2.jpg,0
OLI_7.jpg,OLIVINE_22.jpg,0
OLI_3.jpg,OLIVINE_26.jpg,0
OLI_2.jpg,OLIVINE_36.jpg,0
OLI_3.jpg,OLIVINE_40.jpg,0
OLI_6.jpg,OLIVINE_33.jpg,0
OLI_8.jpg,OLIVINE_9.jpg,0
OLI_8.jpg,OLIVINE_46.jpg,0
OLI_1.jpg,OLIVINE_9.jpg,0
OLI_2.jpg,OLIVINE_27.jpg,0
OLI_10.jpg,OLIVINE_10.jpg,0
OLI_4.jpg,OLIVINE_22.jpg,0
OLI_8.jpg,OLIVINE_13.jpg,0
OLI_3.jpg,OLIVINE_41.jpg,0
OLI_6.jpg,OLIVINE_3.jpg,0
OLI_3.jpg,OLIVINE_13.jpg,0
OLI_0.jpg,OLIVINE_1.jpg,0
OLI_8.jpg,OLIVINE_11.jpg,0
OLI_9.jpg,OLIVINE_26.jpg,0
OLI_0.jpg,OLIVINE_31.jpg,0
OLI_8.jpg,OLIVINE_19.jpg,0
OLI_8.jpg,OLIVINE_37.jpg,0
OLI_7.jpg,OLIVINE_12.jpg,0
OLI_10.jpg,OLIVINE_33.jpg,0
OLI_2.jpg,OLIVINE_24.jpg,0
OLI_1.jpg,OLIVINE_16.jpg,0
OLI_2.jpg,OLIVINE_3.jpg,0
OLI_6.jpg,OLIVINE_26.jpg,0
OLI_7.jpg,OLIVINE_44.jpg,0
OLI_8.jpg,OLIVINE_18.jpg,0
OLI_6.jpg,OLIVINE_38.jpg,0
OLI_8.jpg,OLIVINE_26.jpg,0
OLI_9.jpg,OLIVINE_37.jpg,0
OLI_3.jpg,OLIVINE_18.jpg,0
OLI_4.jpg,OLIVINE_32.jpg,0
OLI_5.jpg,OLIVINE_6.jpg,0
OLI_2.jpg,OLIVINE_28.jpg,0
OLI_10.jpg,OLIVINE_16.jpg,0
OLI_2.jpg,OLIVINE_42.jpg,0
OLI_1.jpg,OLIVINE_33.jpg,0
OLI_9.jpg,OLIVINE_8.jpg,0
OLI_0.jpg,OLIVINE_48.jpg,0
OLI_7.jpg,OLIVINE_22.jpg,0
OLI_8.jpg,OLIVINE_19.jpg,0
OLI_1.jpg,OLIVINE_2.jpg,0
OLI_0.jpg,OLIVINE_12.jpg,0
OLI_4.jpg,OLIVINE_9.jpg,0
OLI_2.jpg,OLIVINE_17.jpg,0
OLI_6.jpg,OLIVINE_34.jpg,0
OLI_7.jpg,OLIVINE_14.jpg,0
OLI_9.jpg,OLIVINE_22.jpg,0
OLI_0.jpg,OLIVINE_15.jpg,0
OLI_8.jpg,OLIVINE_29.jpg,0
OLI_6.jpg,OLIVINE_7.jpg,0
OLI_2.jpg,OLIVINE_24.jpg,0
OLI_3.jpg,OLIVINE_7.jpg,0
OLI_10.jpg,OLIVINE_11.jpg,0
OLI_4.jpg,OLIVINE_0.jpg,0
OLI_10.jpg,OLIVINE_39.jpg,0
OLI_8.jpg,OLIVINE_24.jpg,0
OLI_0.jpg,OLIVINE_8.jpg,0
OLI_7.jpg,OLIVINE_8.jpg,0
OLI_3.jpg,OLIVINE_0.jpg,0
OLI_0.jpg,OLIVINE_45.jpg,0
OLI_10.jpg,OLIVINE_35.jpg,0
OLI_10.jpg,OLIVINE_25.jpg,0
OLI_6.jpg,OLIVINE_43.jpg,0
OLI_8.jpg,OLIVINE_5.jpg,0
OLI_1.jpg,OLIVINE_25.jpg,0
OLI_7.jpg,OLIVINE_14.jpg,0
OLI_7.jpg,OLIVINE_23.jpg,0
OLI_7.jpg,OLIVINE_48.jpg,0
OLI_9.jpg,OLIVINE_21.jpg,0
OLI_1.jpg,OLIVINE_25.jpg,0
OLI_4.jpg,OLIVINE_37.jpg,0
OLI_6.jpg,OLIVINE_20.jpg,0
OLI_9.jpg,OLIVINE_19.jpg,0
OLI_3.jpg,OLIVINE_7.jpg,0
OLI_4.jpg,OLIVINE_22.jpg,0
OLI_4.jpg,OLIVINE_9.jpg,0
OLI_0.jpg,OLIVINE_48.jpg,0
OLI_3.jpg,OLIVINE_48.jpg,0
OLI_3.jpg,OLIVINE_2.jpg,0
OLI_8.jpg,OLIVINE_17.jpg,0
OLI_9.jpg,OLIVINE_13.jpg,0
OLI_8.jpg,OLIVINE_18.jpg,0
OLI_4.jpg,OLIVINE_43.jpg,0
OLI_4.jpg,OLIVINE_12.jpg,0
OLI_5.jpg,OLIVINE_12.jpg,0
OLI_9.jpg,OLIVINE_3.jpg,0
OLI_10.jpg,OLIVINE_45.jpg,0
OLI_1.jpg,OLIVINE_7.jpg,0
OLI_8.jpg,OLIVINE_13.jpg,0
OLI_7.jpg,OLIVINE_3.jpg,0
OLI_0.jpg,OLIVINE_18.jpg,0
OLI_6.jpg,OLIVINE_28.jpg,0
OLI_10.jpg,OLIVINE_2.jpg,0
OLI_10.jpg,OLIVINE_24.jpg,0
OLI_6.jpg,OLIVINE_39.jpg,0
OLI_8.jpg,OLIVINE_12.jpg,0
OLI_9.jpg,OLIVINE_25.jpg,0
OLI_2.jpg,OLIVINE_18.jpg,0
OLI_10.jpg,OLIVINE_42.jpg,0
OLI_0.jpg,OLIVINE_32.jpg,0
OLI_5.jpg,OLIVINE_5.jpg,0
OLI_7.jpg,OLIVINE_41.jpg,0
OLI_1.jpg,OLIVINE_1.jpg,0
OLI_3.jpg,OLIVINE_26.jpg,0
OLI_9.jpg,OLIVINE_20.jpg,0
OLI_10.jpg,OLIVINE_24.jpg,0
OLI_7.jpg,OLIVINE_18.jpg,0
OLI_6.jpg,OLIVINE_45.jpg,0
OLI_8.jpg,OLIVINE_7.jpg,0
OLI_10.jpg,OLIVINE_40.jpg,0
OLI_3.jpg,OLIVINE_3.jpg,0
OLI_0.jpg,OLIVINE_1.jpg,0
OLI_6.jpg,OLIVINE_39.jpg,0
OLI_10.jpg,OLIVINE_41.jpg,0
OLI_4.jpg,OLIVINE_24.jpg,0
OLI_9.jpg,OLIVINE_16.jpg,0
OLI_5.jpg,OLIVINE_4.jpg,0
OLI_0.jpg,OLIVINE_4.jpg,0
OLI_9.jpg,OLIVINE_28.jpg,0
OLI_0.jpg,OLIVINE_46.jpg,0
OLI_8.jpg,OLIVINE_30.jpg,0
OLI_3.jpg,OLIVINE_34.jpg,0
OLI_3.jpg,OLIVINE_48.jpg,0
OLI_2.jpg,OLIVINE_14.jpg,0
OLI_2.jpg,OLIVINE_5.jpg,0
OLI_4.jpg,OLIVINE_29.jpg,0
OLI_2.jpg,OLIVINE_3.jpg,0
OLI_7.jpg,OLIVINE_42.jpg,0
OLI_3.jpg,OLIVINE_18.jpg,0
OLI_5.jpg,OLIVINE_46.jpg,0
OLI_6.jpg,OLIVINE_28.jpg,0
OLI_8.jpg,OLIVINE_2.jpg,0
OLI_1.jpg,OLIVINE_3.jpg,0
OLI_5.jpg,OLIVINE_42.jpg,0
OLI_4.jpg,OLIVINE_5.jpg,0
OLI_0.jpg,OLIVINE_32.jpg,0
OLI_6.jpg,OLIVINE_4.jpg,0
OLI_4.jpg,OLIVINE_32.jpg,0
OLI_4.jpg,OLIVINE_24.jpg,0
OLI_2.jpg,OLIVINE_48.jpg,0
OLI_5.jpg,OLIVINE_22.jpg,0
OLI_6.jpg,OLIVINE_45.jpg,0
OLI_6.jpg,OLIVINE_12.jpg,0
OLI_0.jpg,OLIVINE_46.jpg,0
OLI_2.jpg,OLIVINE_18.jpg,0
OLI_7.jpg,OLIVINE_27.jpg,0
OLI_9.jpg,OLIVINE_28.jpg,0
OLI_3.jpg,OLIVINE_32.jpg,0
OLI_5.jpg,OLIVINE_34.jpg,0
OLI_9.jpg,OLIVINE_12.jpg,0
OLI_10.jpg,OLIVINE_21.jpg,0
OLI_0.jpg,OLIVINE_24.jpg,0
OLI_0.jpg,OLIVINE_43.jpg,0
OLI_0.jpg,OLIVINE_43.jpg,0
OLI_8.jpg,OLIVINE_30.jpg,0
OLI_3.jpg,OLIVINE_42.jpg,0
OLI_2.jpg,OLIVINE_2.jpg,0
OLI_5.jpg,OLIVINE_34.jpg,0
OLI_1.jpg,OLIVINE_1.jpg,0
OLI_8.jpg,OLIVINE_47.jpg,0
OLI_0.jpg,OLIVINE_9.jpg,0
OLI_1.jpg,OLIVINE_0.jpg,0
OLI_8.jpg,OLIVINE_1.jpg,0
OLI_8.jpg,OLIVINE_2.jpg,0
OLI_2.jpg,OLIVINE_37.jpg,0
OLI_1.jpg,OLIVINE_6.jpg,0
OLI_8.jpg,OLIVINE_16.jpg,0
OLI_9.jpg,OLIVINE_14.jpg,0
OLI_6.jpg,OLIVINE_29.jpg,0
OLI_1.jpg,OLIVINE_8.jpg,0
OLI_10.jpg,OLIVINE_29.jpg,0
OLI_5.jpg,OLIVINE_40.jpg,0
OLI_8.jpg,OLIVINE_31.jpg,0
OLI_6.jpg,OLIVINE_22.jpg,0
OLI_7.jpg,OLIVINE_42.jpg,0
OLI_10.jpg,OLIVINE_16.jpg,0
OLI_6.jpg,OLIVINE_16.jpg,0
OLI_5.jpg,OLIVINE_3.jpg,0
OLI_10.jpg,OLIVINE_4.jpg,0
OLI_2.jpg,OLIVINE_33.jpg,0
OLI_1.jpg,OLIVINE_31.jpg,0
OLI_5.jpg,OLIVINE_7.jpg,0
OLI_2.jpg,OLIVINE_23.jpg,0
OLI_4.jpg,OLIVINE_21.jpg,0
OLI_5.jpg,OLIVINE_27.jpg,0
OLI_3.jpg,OLIVINE_33.jpg,0
OLI_1.jpg,OLIVINE_30.jpg,0
OLI_0.jpg,OLIVINE_15.jpg,0
OLI_3.jpg,OLIVINE_27.jpg,0
OLI_6.jpg,OLIVINE_24.jpg,0
OLI_0.jpg,OLIVINE_18.jpg,0
